iter	MultiClass
0	3.076620812
1	2.952158325
2	2.845030822
3	2.751185315
4	2.667530896
5	2.597901628
